config,harm_per_10k,harm_per_10k_lo,harm_per_10k_hi,legit_escalation_pct,legit_escalation_pct_lo,legit_escalation_pct_hi,delay_per_10k,delay_per_10k_lo,delay_per_10k_hi,cost_per_10k_r5,cost_per_10k_r5_lo,cost_per_10k_r5_hi,cost_per_10k_r20,cost_per_10k_r20_lo,cost_per_10k_r20_hi,cost_per_10k_r100,cost_per_10k_r100_lo,cost_per_10k_r100_hi,cost_per_10k_r1000,cost_per_10k_r1000_lo,cost_per_10k_r1000_hi
ZT baseline,89.952,89.013,90.892,0.0,0.0,0.0,98.405,97.421,99.389,548.168,543.351,552.984,1897.455,1878.617,1916.293,9093.655,8999.656,9187.654,90050.905,89111.121,90990.689
Awareness training,84.42,83.498,85.342,0.0,0.0,0.0,98.405,97.421,99.389,520.505,515.776,525.234,1786.805,1768.329,1805.281,8540.405,8448.221,8632.589,84518.405,83596.773,85440.037
Uniform callback,26.162,25.64,26.685,15.004,14.968,15.039,1569.15,1565.614,1572.686,1699.962,1695.38,1704.545,2092.4,2081.069,2103.731,4185.4,4132.712,4238.088,27731.65,27208.814,28254.486
CZT (full),13.475,13.127,13.823,11.702,11.591,11.814,1471.308,1460.106,1482.509,1538.682,1526.801,1550.564,1740.808,1725.822,1755.793,2818.808,2778.959,2858.656,14946.308,14594.819,15297.796
CZT - provenance,13.725,13.375,14.075,13.321,13.214,13.429,1614.595,1603.712,1625.478,1683.22,1671.772,1694.668,1889.095,1874.752,1903.438,2987.095,2947.915,3026.275,15339.595,14986.671,15692.519
CZT - context,14.04,13.697,14.383,15.788,15.635,15.941,1877.148,1861.958,1892.337,1947.348,1931.438,1963.257,2157.948,2139.091,2176.804,3281.148,3238.782,3323.513,15917.148,15568.423,16265.872
CZT - authority,16.54,16.139,16.941,16.212,16.05,16.375,1838.79,1822.804,1854.776,1921.49,1904.56,1938.42,2169.59,2148.899,2190.281,3492.79,3443.745,3541.835,18378.79,17970.698,18786.882
CZT - channel,14.005,13.648,14.362,16.584,16.417,16.752,1948.642,1932.172,1965.113,2018.668,2001.377,2035.958,2228.742,2208.246,2249.239,3349.142,3304.06,3394.225,15953.642,15589.924,16317.361
CZT - friction,50.118,49.353,50.882,0.371,0.365,0.378,208.322,206.303,210.342,458.91,454.503,463.317,1210.672,1195.152,1226.193,5220.072,5143.483,5296.662,50325.822,49561.047,51090.598
CZT - human challenge,13.51,13.162,13.858,11.705,11.593,11.816,1471.53,1460.316,1482.744,1539.08,1527.189,1550.971,1741.73,1726.742,1756.718,2822.53,2782.654,2862.406,14981.53,14629.569,15333.491
CZT - feedback,13.088,12.733,13.442,16.364,16.327,16.4,1928.245,1923.669,1932.821,1993.682,1988.764,1998.601,2189.995,2181.533,2198.457,3236.995,3201.237,3272.753,15015.745,14661.355,15370.135
