key,provenance_first,provenance_second,context_first,context_second,authority_first,authority_second,channel_first,channel_second,friction_first,friction_second,challenge_first,challenge_second,feedback_first,feedback_second
ref4,0,0,1,1,0,0,1,1,0,0,0,0,1,1
ref6,1,1,1,1,1,1,0,0,0,0,1,1,2,1
ref7,2,2,1,1,0,1,0,0,0,0,0,0,2,2
ref9,0,0,1,1,0,0,0,0,0,0,0,0,0,0
ref13,0,0,1,1,1,1,0,0,0,0,0,0,2,2
ref17,0,0,2,2,1,1,1,1,0,0,0,0,1,1
ref18,0,0,1,1,1,1,1,1,0,0,0,0,1,1
ref22,1,1,1,1,1,1,0,0,1,1,1,1,0,0
ref29,0,0,1,1,0,0,0,0,0,0,0,0,0,0
ref37,0,0,0,1,0,0,0,0,2,2,1,1,0,0
ref38,0,0,1,1,0,0,0,0,0,0,1,1,0,0
ref40,0,0,1,1,0,0,0,0,1,1,1,1,1,1
ref41,0,0,0,0,0,0,0,0,0,0,1,1,0,0
ref47,0,0,0,1,0,0,0,0,0,0,0,0,0,0
ref50,1,1,1,1,1,1,2,2,0,0,0,0,0,0
ref59,0,0,1,1,0,1,0,0,0,0,0,0,0,0
ref61,0,0,1,1,2,2,0,0,0,0,0,0,0,0
ref64,0,0,2,2,1,1,1,1,1,1,0,0,2,2
ref66,1,1,2,2,2,2,1,1,1,1,1,1,0,0
ref67,0,1,2,1,1,0,0,0,0,0,0,0,0,0
ref95,2,2,2,2,2,2,2,2,0,0,0,0,0,0
