tau_R,tau_A,misses,legitimate_escalations,cost_ratio_20
0.3,0.5,0,14,14.0
0.3,0.525,0,14,14.0
0.3,0.55,0,14,14.0
0.3,0.575,0,14,14.0
0.3,0.6,0,14,14.0
0.3,0.625,0,14,14.0
0.3,0.65,0,14,14.0
0.3,0.675,0,14,14.0
0.3,0.7,0,14,14.0
0.3,0.725,0,14,14.0
0.3,0.75,0,14,14.0
0.3,0.775,0,14,14.0
0.3,0.8,0,14,14.0
0.3,0.825,0,15,15.0
0.3,0.85,0,15,15.0
0.3,0.875,0,15,15.0
0.3,0.9,0,16,16.0
0.325,0.5,0,14,14.0
0.325,0.525,0,14,14.0
0.325,0.55,0,14,14.0
0.325,0.575,0,14,14.0
0.325,0.6,0,14,14.0
0.325,0.625,0,14,14.0
0.325,0.65,0,14,14.0
0.325,0.675,0,14,14.0
0.325,0.7,0,14,14.0
0.325,0.725,0,14,14.0
0.325,0.75,0,14,14.0
0.325,0.775,0,14,14.0
0.325,0.8,0,14,14.0
0.325,0.825,0,15,15.0
0.325,0.85,0,15,15.0
0.325,0.875,0,15,15.0
0.325,0.9,0,16,16.0
0.35,0.5,0,14,14.0
0.35,0.525,0,14,14.0
0.35,0.55,0,14,14.0
0.35,0.575,0,14,14.0
0.35,0.6,0,14,14.0
0.35,0.625,0,14,14.0
0.35,0.65,0,14,14.0
0.35,0.675,0,14,14.0
0.35,0.7,0,14,14.0
0.35,0.725,0,14,14.0
0.35,0.75,0,14,14.0
0.35,0.775,0,14,14.0
0.35,0.8,0,14,14.0
0.35,0.825,0,15,15.0
0.35,0.85,0,15,15.0
0.35,0.875,0,15,15.0
0.35,0.9,0,16,16.0
0.375,0.5,0,10,10.0
0.375,0.525,0,10,10.0
0.375,0.55,0,10,10.0
0.375,0.575,0,10,10.0
0.375,0.6,0,10,10.0
0.375,0.625,0,10,10.0
0.375,0.65,0,10,10.0
0.375,0.675,0,10,10.0
0.375,0.7,0,10,10.0
0.375,0.725,0,10,10.0
0.375,0.75,0,10,10.0
0.375,0.775,0,10,10.0
0.375,0.8,0,10,10.0
0.375,0.825,0,11,11.0
0.375,0.85,0,11,11.0
0.375,0.875,0,11,11.0
0.375,0.9,0,14,14.0
0.4,0.5,0,9,9.0
0.4,0.525,0,9,9.0
0.4,0.55,0,9,9.0
0.4,0.575,0,9,9.0
0.4,0.6,0,9,9.0
0.4,0.625,0,9,9.0
0.4,0.65,0,9,9.0
0.4,0.675,0,9,9.0
0.4,0.7,0,9,9.0
0.4,0.725,0,9,9.0
0.4,0.75,0,9,9.0
0.4,0.775,0,9,9.0
0.4,0.8,0,9,9.0
0.4,0.825,0,10,10.0
0.4,0.85,0,10,10.0
0.4,0.875,0,10,10.0
0.4,0.9,0,14,14.0
0.425,0.5,0,9,9.0
0.425,0.525,0,9,9.0
0.425,0.55,0,9,9.0
0.425,0.575,0,9,9.0
0.425,0.6,0,9,9.0
0.425,0.625,0,9,9.0
0.425,0.65,0,9,9.0
0.425,0.675,0,9,9.0
0.425,0.7,0,9,9.0
0.425,0.725,0,9,9.0
0.425,0.75,0,9,9.0
0.425,0.775,0,9,9.0
0.425,0.8,0,9,9.0
0.425,0.825,0,10,10.0
0.425,0.85,0,10,10.0
0.425,0.875,0,10,10.0
0.425,0.9,0,14,14.0
0.45,0.5,0,9,9.0
0.45,0.525,0,9,9.0
0.45,0.55,0,9,9.0
0.45,0.575,0,9,9.0
0.45,0.6,0,9,9.0
0.45,0.625,0,9,9.0
0.45,0.65,0,9,9.0
0.45,0.675,0,9,9.0
0.45,0.7,0,9,9.0
0.45,0.725,0,9,9.0
0.45,0.75,0,9,9.0
0.45,0.775,0,9,9.0
0.45,0.8,0,9,9.0
0.45,0.825,0,10,10.0
0.45,0.85,0,10,10.0
0.45,0.875,0,10,10.0
0.45,0.9,0,14,14.0
0.475,0.5,0,7,7.0
0.475,0.525,0,7,7.0
0.475,0.55,0,7,7.0
0.475,0.575,0,7,7.0
0.475,0.6,0,7,7.0
0.475,0.625,0,7,7.0
0.475,0.65,0,7,7.0
0.475,0.675,0,7,7.0
0.475,0.7,0,7,7.0
0.475,0.725,0,7,7.0
0.475,0.75,0,7,7.0
0.475,0.775,0,7,7.0
0.475,0.8,0,7,7.0
0.475,0.825,0,9,9.0
0.475,0.85,0,9,9.0
0.475,0.875,0,9,9.0
0.475,0.9,0,13,13.0
0.5,0.5,0,6,6.0
0.5,0.525,0,6,6.0
0.5,0.55,0,6,6.0
0.5,0.575,0,6,6.0
0.5,0.6,0,6,6.0
0.5,0.625,0,6,6.0
0.5,0.65,0,6,6.0
0.5,0.675,0,6,6.0
0.5,0.7,0,6,6.0
0.5,0.725,0,6,6.0
0.5,0.75,0,6,6.0
0.5,0.775,0,6,6.0
0.5,0.8,0,6,6.0
0.5,0.825,0,8,8.0
0.5,0.85,0,8,8.0
0.5,0.875,0,8,8.0
0.5,0.9,0,13,13.0
0.525,0.5,0,5,5.0
0.525,0.525,0,5,5.0
0.525,0.55,0,5,5.0
0.525,0.575,0,5,5.0
0.525,0.6,0,5,5.0
0.525,0.625,0,5,5.0
0.525,0.65,0,5,5.0
0.525,0.675,0,5,5.0
0.525,0.7,0,5,5.0
0.525,0.725,0,5,5.0
0.525,0.75,0,5,5.0
0.525,0.775,0,5,5.0
0.525,0.8,0,5,5.0
0.525,0.825,0,7,7.0
0.525,0.85,0,7,7.0
0.525,0.875,0,7,7.0
0.525,0.9,0,12,12.0
0.55,0.5,1,4,24.0
0.55,0.525,1,4,24.0
0.55,0.55,1,4,24.0
0.55,0.575,1,4,24.0
0.55,0.6,1,4,24.0
0.55,0.625,1,4,24.0
0.55,0.65,1,4,24.0
0.55,0.675,1,4,24.0
0.55,0.7,1,4,24.0
0.55,0.725,1,4,24.0
0.55,0.75,1,4,24.0
0.55,0.775,0,4,4.0
0.55,0.8,0,4,4.0
0.55,0.825,0,6,6.0
0.55,0.85,0,6,6.0
0.55,0.875,0,6,6.0
0.55,0.9,0,12,12.0
0.575,0.5,1,4,24.0
0.575,0.525,1,4,24.0
0.575,0.55,1,4,24.0
0.575,0.575,1,4,24.0
0.575,0.6,1,4,24.0
0.575,0.625,1,4,24.0
0.575,0.65,1,4,24.0
0.575,0.675,1,4,24.0
0.575,0.7,1,4,24.0
0.575,0.725,1,4,24.0
0.575,0.75,1,4,24.0
0.575,0.775,0,4,4.0
0.575,0.8,0,4,4.0
0.575,0.825,0,6,6.0
0.575,0.85,0,6,6.0
0.575,0.875,0,6,6.0
0.575,0.9,0,12,12.0
0.6,0.5,1,2,22.0
0.6,0.525,1,2,22.0
0.6,0.55,1,2,22.0
0.6,0.575,1,2,22.0
0.6,0.6,1,2,22.0
0.6,0.625,1,2,22.0
0.6,0.65,1,2,22.0
0.6,0.675,1,2,22.0
0.6,0.7,1,2,22.0
0.6,0.725,1,2,22.0
0.6,0.75,1,2,22.0
0.6,0.775,0,2,2.0
0.6,0.8,0,2,2.0
0.6,0.825,0,4,4.0
0.6,0.85,0,4,4.0
0.6,0.875,0,4,4.0
0.6,0.9,0,11,11.0
0.625,0.5,1,2,22.0
0.625,0.525,1,2,22.0
0.625,0.55,1,2,22.0
0.625,0.575,1,2,22.0
0.625,0.6,1,2,22.0
0.625,0.625,1,2,22.0
0.625,0.65,1,2,22.0
0.625,0.675,1,2,22.0
0.625,0.7,1,2,22.0
0.625,0.725,1,2,22.0
0.625,0.75,1,2,22.0
0.625,0.775,0,2,2.0
0.625,0.8,0,2,2.0
0.625,0.825,0,4,4.0
0.625,0.85,0,4,4.0
0.625,0.875,0,4,4.0
0.625,0.9,0,11,11.0
0.65,0.5,1,2,22.0
0.65,0.525,1,2,22.0
0.65,0.55,1,2,22.0
0.65,0.575,1,2,22.0
0.65,0.6,1,2,22.0
0.65,0.625,1,2,22.0
0.65,0.65,1,2,22.0
0.65,0.675,1,2,22.0
0.65,0.7,1,2,22.0
0.65,0.725,1,2,22.0
0.65,0.75,1,2,22.0
0.65,0.775,0,2,2.0
0.65,0.8,0,2,2.0
0.65,0.825,0,4,4.0
0.65,0.85,0,4,4.0
0.65,0.875,0,4,4.0
0.65,0.9,0,11,11.0
0.675,0.5,2,1,41.0
0.675,0.525,1,1,21.0
0.675,0.55,1,1,21.0
0.675,0.575,1,1,21.0
0.675,0.6,1,1,21.0
0.675,0.625,1,1,21.0
0.675,0.65,1,1,21.0
0.675,0.675,1,1,21.0
0.675,0.7,1,1,21.0
0.675,0.725,1,1,21.0
0.675,0.75,1,1,21.0
0.675,0.775,0,1,1.0
0.675,0.8,0,1,1.0
0.675,0.825,0,3,3.0
0.675,0.85,0,3,3.0
0.675,0.875,0,3,3.0
0.675,0.9,0,11,11.0
0.7,0.5,2,1,41.0
0.7,0.525,1,1,21.0
0.7,0.55,1,1,21.0
0.7,0.575,1,1,21.0
0.7,0.6,1,1,21.0
0.7,0.625,1,1,21.0
0.7,0.65,1,1,21.0
0.7,0.675,1,1,21.0
0.7,0.7,1,1,21.0
0.7,0.725,1,1,21.0
0.7,0.75,1,1,21.0
0.7,0.775,0,1,1.0
0.7,0.8,0,1,1.0
0.7,0.825,0,3,3.0
0.7,0.85,0,3,3.0
0.7,0.875,0,3,3.0
0.7,0.9,0,11,11.0
